year,make,model,product_image_url,product_url
06 - 11,AUDI,A6,http://localhost/wp-dev/wp-content/uploads/2020/05/RACE-SPRINGS.png,/product/electronic-lowering-systems-audi-a6-06-11
06 - 11,AUDI,type 4F,http://localhost/wp-dev/wp-content/uploads/2020/05/RACE-SPRINGS.png,/product/electronic-lowering-systems-audi-type-4f-06-11
11 - 19,AUDI,A6,http://localhost/wp-dev/wp-content/uploads/2020/05/RACE-SPRINGS.png,/product/electronic-lowering-systems-audi-a6-11-19
11 - 19,AUDI,type 4G,http://localhost/wp-dev/wp-content/uploads/2020/05/RACE-SPRINGS.png,/product/electronic-lowering-systems-audi-type-4g-11-19
11 - 19,AUDI,4G1,http://localhost/wp-dev/wp-content/uploads/2020/05/RACE-SPRINGS.png,/product/electronic-lowering-systems-audi-4g1-11-19
11 - 19,AUDI,A7,http://localhost/wp-dev/wp-content/uploads/2020/05/RACE-SPRINGS.png,/product/electronic-lowering-systems-audi-a7-11-19
11 - 19,AUDI,type 4G,http://localhost/wp-dev/wp-content/uploads/2020/05/RACE-SPRINGS.png,/product/electronic-lowering-systems-audi-type-4g-11-19
11 - 19,AUDI,4G1,http://localhost/wp-dev/wp-content/uploads/2020/05/RACE-SPRINGS.png,/product/electronic-lowering-systems-audi-4g1-11-19
02 - 10,AUDI,A8,http://localhost/wp-dev/wp-content/uploads/2020/05/RACE-SPRINGS.png,/product/electronic-lowering-systems-audi-a8-02-10
02 - 10,AUDI,type 4E,http://localhost/wp-dev/wp-content/uploads/2020/05/RACE-SPRINGS.png,/product/electronic-lowering-systems-audi-type-4e-02-10
09 - 16,AUDI,A8,http://localhost/wp-dev/wp-content/uploads/2020/05/RACE-SPRINGS.png,/product/electronic-lowering-systems-audi-a8-09-16
09 - 16,AUDI,type 4H,http://localhost/wp-dev/wp-content/uploads/2020/05/RACE-SPRINGS.png,/product/electronic-lowering-systems-audi-type-4h-09-16
07 - 15,AUDI,Q7,http://localhost/wp-dev/wp-content/uploads/2020/05/RACE-SPRINGS.png,/product/electronic-lowering-systems-audi-q7-07-15
07 - 15,AUDI,type 4L,http://localhost/wp-dev/wp-content/uploads/2020/05/RACE-SPRINGS.png,/product/electronic-lowering-systems-audi-type-4l-07-15
04 - 11,BENTLEY,Continental GT,http://localhost/wp-dev/wp-content/uploads/2020/05/RACE-SPRINGS.png,/product/electronic-lowering-systems-bentley-continental-gt-04-11
04 - 11,BENTLEY,type 3W,http://localhost/wp-dev/wp-content/uploads/2020/05/RACE-SPRINGS.png,/product/electronic-lowering-systems-bentley-type-3w-04-11
04 - 11,BENTLEY,FlyingSpur,http://localhost/wp-dev/wp-content/uploads/2020/05/RACE-SPRINGS.png,/product/electronic-lowering-systems-bentley-flyingspur-04-11
06 - 11,BENTLEY,GTC,http://localhost/wp-dev/wp-content/uploads/2020/05/RACE-SPRINGS.png,/product/electronic-lowering-systems-bentley-gtc-06-11
06 - 11,BENTLEY,type 3W,http://localhost/wp-dev/wp-content/uploads/2020/05/RACE-SPRINGS.png,/product/electronic-lowering-systems-bentley-type-3w-06-11
12 - 15,BENTLEY,Continental GT,http://localhost/wp-dev/wp-content/uploads/2020/05/RACE-SPRINGS.png,/product/electronic-lowering-systems-bentley-continental-gt-12-15
12 - 15,BENTLEY,FlyingSpur,http://localhost/wp-dev/wp-content/uploads/2020/05/RACE-SPRINGS.png,/product/electronic-lowering-systems-bentley-flyingspur-12-15
12 - 15,BENTLEY,GTC,http://localhost/wp-dev/wp-content/uploads/2020/05/RACE-SPRINGS.png,/product/electronic-lowering-systems-bentley-gtc-12-15
07 - 14,MERCEDES BENZ,CL,http://localhost/wp-dev/wp-content/uploads/2020/05/RACE-SPRINGS.png,/product/electronic-lowering-systems-mercedes-benz-cl-07-14
07 - 14,MERCEDES BENZ,type C216,http://localhost/wp-dev/wp-content/uploads/2020/05/RACE-SPRINGS.png,/product/electronic-lowering-systems-mercedes-benz-type-c216-07-14
07 - 14,MERCEDES BENZ,Incl AMG,http://localhost/wp-dev/wp-content/uploads/2020/05/RACE-SPRINGS.png,/product/electronic-lowering-systems-mercedes-benz-incl-amg-07-14
12 - 15,MERCEDES BENZ,CLS,http://localhost/wp-dev/wp-content/uploads/2020/05/RACE-SPRINGS.png,/product/electronic-lowering-systems-mercedes-benz-cls-12-15
12 - 15,MERCEDES BENZ,type W218,http://localhost/wp-dev/wp-content/uploads/2020/05/RACE-SPRINGS.png,/product/electronic-lowering-systems-mercedes-benz-type-w218-12-15
06 - 10,MERCEDES BENZ,CLS,http://localhost/wp-dev/wp-content/uploads/2020/05/RACE-SPRINGS.png,/product/electronic-lowering-systems-mercedes-benz-cls-06-10
06 - 10,MERCEDES BENZ,type W219,http://localhost/wp-dev/wp-content/uploads/2020/05/RACE-SPRINGS.png,/product/electronic-lowering-systems-mercedes-benz-type-w219-06-10
03 - 09,MERCEDES BENZ,E-Class,http://localhost/wp-dev/wp-content/uploads/2020/05/RACE-SPRINGS.png,/product/electronic-lowering-systems-mercedes-benz-e-class-03-09
03 - 09,MERCEDES BENZ,type W211,http://localhost/wp-dev/wp-content/uploads/2020/05/RACE-SPRINGS.png,/product/electronic-lowering-systems-mercedes-benz-type-w211-03-09
10 - 15,MERCEDES BENZ,E-Class,http://localhost/wp-dev/wp-content/uploads/2020/05/RACE-SPRINGS.png,/product/electronic-lowering-systems-mercedes-benz-e-class-10-15
10 - 15,MERCEDES BENZ,type W212,http://localhost/wp-dev/wp-content/uploads/2020/05/RACE-SPRINGS.png,/product/electronic-lowering-systems-mercedes-benz-type-w212-10-15
06 - 11,MERCEDES BENZ,M-Class,http://localhost/wp-dev/wp-content/uploads/2020/05/RACE-SPRINGS.png,/product/electronic-lowering-systems-mercedes-benz-m-class-06-11
06 - 11,MERCEDES BENZ,type W164,http://localhost/wp-dev/wp-content/uploads/2020/05/RACE-SPRINGS.png,/product/electronic-lowering-systems-mercedes-benz-type-w164-06-11
12 - 15,MERCEDES BENZ,M-Class,http://localhost/wp-dev/wp-content/uploads/2020/05/RACE-SPRINGS.png,/product/electronic-lowering-systems-mercedes-benz-m-class-12-15
12 - 15,MERCEDES BENZ,type W166,http://localhost/wp-dev/wp-content/uploads/2020/05/RACE-SPRINGS.png,/product/electronic-lowering-systems-mercedes-benz-type-w166-12-15
06 - 12,MERCEDES BENZ,R-Class,http://localhost/wp-dev/wp-content/uploads/2020/05/RACE-SPRINGS.png,/product/electronic-lowering-systems-mercedes-benz-r-class-06-12
06 - 12,MERCEDES BENZ,type W251,http://localhost/wp-dev/wp-content/uploads/2020/05/RACE-SPRINGS.png,/product/electronic-lowering-systems-mercedes-benz-type-w251-06-12
07 - 13,MERCEDES BENZ,S-Class,http://localhost/wp-dev/wp-content/uploads/2020/05/RACE-SPRINGS.png,/product/electronic-lowering-systems-mercedes-benz-s-class-07-13
07 - 13,MERCEDES BENZ,type W221,http://localhost/wp-dev/wp-content/uploads/2020/05/RACE-SPRINGS.png,/product/electronic-lowering-systems-mercedes-benz-type-w221-07-13
07 - 13,MERCEDES BENZ,S-Class,http://localhost/wp-dev/wp-content/uploads/2020/05/RACE-SPRINGS.png,/product/electronic-lowering-systems-mercedes-benz-s-class-07-13
07 - 13,MERCEDES BENZ,type W221,http://localhost/wp-dev/wp-content/uploads/2020/05/RACE-SPRINGS.png,/product/electronic-lowering-systems-mercedes-benz-type-w221-07-13
07 - 13,MERCEDES BENZ,ABC Suspension,http://localhost/wp-dev/wp-content/uploads/2020/05/RACE-SPRINGS.png,/product/electronic-lowering-systems-mercedes-benz-abc-suspension-07-13
03 - 09,MERCEDES BENZ,SL,http://localhost/wp-dev/wp-content/uploads/2020/05/RACE-SPRINGS.png,/product/electronic-lowering-systems-mercedes-benz-sl-03-09
03 - 09,MERCEDES BENZ,type R230,http://localhost/wp-dev/wp-content/uploads/2020/05/RACE-SPRINGS.png,/product/electronic-lowering-systems-mercedes-benz-type-r230-03-09
02 - 10,PORSCHE,Cayenne,http://localhost/wp-dev/wp-content/uploads/2020/05/RACE-SPRINGS.png,/product/electronic-lowering-systems-porsche-cayenne-02-10
02 - 10,PORSCHE,type 955,http://localhost/wp-dev/wp-content/uploads/2020/05/RACE-SPRINGS.png,/product/electronic-lowering-systems-porsche-type-955-02-10
02 - 10,PORSCHE,957,http://localhost/wp-dev/wp-content/uploads/2020/05/RACE-SPRINGS.png,/product/electronic-lowering-systems-porsche-957-02-10
02 - 10,PORSCHE,9PA,http://localhost/wp-dev/wp-content/uploads/2020/05/RACE-SPRINGS.png,/product/electronic-lowering-systems-porsche-9pa-02-10
10 - 15,PORSCHE,Cayenne,http://localhost/wp-dev/wp-content/uploads/2020/05/RACE-SPRINGS.png,/product/electronic-lowering-systems-porsche-cayenne-10-15
10 - 15,PORSCHE,type 92A,http://localhost/wp-dev/wp-content/uploads/2020/05/RACE-SPRINGS.png,/product/electronic-lowering-systems-porsche-type-92a-10-15
10 - 15,PORSCHE,AN,http://localhost/wp-dev/wp-content/uploads/2020/05/RACE-SPRINGS.png,/product/electronic-lowering-systems-porsche-an-10-15
10 - 15,PORSCHE,H,http://localhost/wp-dev/wp-content/uploads/2020/05/RACE-SPRINGS.png,/product/electronic-lowering-systems-porsche-h-10-15
10 - 15,PORSCHE,Panamera,http://localhost/wp-dev/wp-content/uploads/2020/05/RACE-SPRINGS.png,/product/electronic-lowering-systems-porsche-panamera-10-15
10 - 15,PORSCHE,type 970,http://localhost/wp-dev/wp-content/uploads/2020/05/RACE-SPRINGS.png,/product/electronic-lowering-systems-porsche-type-970-10-15
15 - 19,PORSCHE,Macan,http://localhost/wp-dev/wp-content/uploads/2020/05/RACE-SPRINGS.png,/product/electronic-lowering-systems-porsche-macan-15-19
15 - 19,PORSCHE,type 95B,http://localhost/wp-dev/wp-content/uploads/2020/05/RACE-SPRINGS.png,/product/electronic-lowering-systems-porsche-type-95b-15-19
